Ref,Val,Package,PosX,PosY,Rot,Side
"C1","2.2u 50V X5R","C_0603_1608Metric",126.100000,-121.800000,-90.000000,top
"C2","4.7u 50V X7R","C_1206_3216Metric",118.200000,-123.400000,-90.000000,top
"C3","10u 10V X5R","C_0603_1608Metric",130.600000,-117.550000,0.000000,top
"C4","100n 50V X7R","C_0603_1608Metric",119.500000,-113.100000,180.000000,top
"C5","10n 50V X7R","C_0603_1608Metric",117.300000,-105.750000,180.000000,top
"C6","10n 50V X7R","C_0603_1608Metric",124.650000,-108.255000,-90.000000,top
"C7","10n 50V X7R","C_0603_1608Metric",126.600000,-110.795000,-90.000000,top
"C8","10n 50V X7R","C_0603_1608Metric",124.650000,-113.335000,-90.000000,top
"C9","4.7u 50V X7R","C_1206_3216Metric",122.600000,-118.500000,180.000000,top
"D1","B160","D_SMA",115.000000,-118.400000,90.000000,top
"D2","B160","D_SMA",111.500000,-125.650000,-90.000000,top
"D3","BAT54HT1G","D_SOD-323",113.310000,-105.900000,180.000000,top
"F1","0.5A 60V","Fuse_1812_4532Metric",112.500000,-112.800000,0.000000,top
"F2","0.1A 60V","Fuse_1812_4532Metric",127.050000,-102.150000,0.000000,top
"J1","24V IN","TerminalBlock_Phoenix_PT-1,5-2-3.5-H_1x02_P3.50mm_Horizontal",105.450000,-111.500000,-90.000000,top
"J2","LED STRIP","TerminalBlock_Phoenix_PT-1,5-2-3.5-H_1x02_P3.50mm_Horizontal",105.450000,-123.900000,-90.000000,top
"J3","HACKERBOARD","PinHeader_1x05_P2.54mm_Vertical",133.400000,-102.399999,0.000000,top
"J4","FTDI-UPDI","PinHeader_1x06_P2.54mm_Vertical",122.200000,-103.000000,-90.000000,top
"Q1","RTR030N05HZG","SOT-23",115.400000,-127.600000,180.000000,top
"R1","100","R_0603_1608Metric",122.300000,-128.900000,180.000000,top
"R2","100k","R_0603_1608Metric",119.500000,-127.900000,90.000000,top
"R3","10k","R_0603_1608Metric",137.100000,-104.940000,180.000000,top
"R4","10k","R_0603_1608Metric",137.100000,-107.480000,180.000000,top
"R5","10k","R_0603_1608Metric",137.100000,-110.020000,180.000000,top
"R6","10k","R_0603_1608Metric",137.100000,-112.560000,180.000000,top
"R7","10k","R_0603_1608Metric",129.600000,-104.940000,180.000000,top
"R8","10k","R_0603_1608Metric",129.600000,-107.480000,180.000000,top
"R9","10k","R_0603_1608Metric",129.600000,-110.020000,180.000000,top
"R10","10k","R_0603_1608Metric",129.600000,-112.560000,180.000000,top
"R11","470","R_0603_1608Metric",113.600000,-109.000000,0.000000,top
"U1","MCP1792T-3302H/CB","SOT-23",127.000000,-118.500000,180.000000,top
"U2","ATtiny412-SSN","SOIC-8_3.9x4.9mm_P1.27mm",119.500000,-109.500000,180.000000,top
