"Reference","Value","Footprint","Manufacturer","MPN","Mouser","Qty"
"C1","2.2u 50V X5R","Capacitor_SMD:C_0603_1608Metric","Murata","GRM188R61H225KE11D","","1"
"C2,C9","4.7u 50V X7R","Capacitor_SMD:C_1206_3216Metric","Murata","GRM31CR71H475MA12L","","2"
"C3","10u 10V X5R","Capacitor_SMD:C_0603_1608Metric","Samsung","CL10A106MP8NQWC","","1"
"C4","100n 50V X7R","Capacitor_SMD:C_0603_1608Metric","KEMET","C0603C104K5RACTU","","1"
"C5-C8","10n 50V X7R","Capacitor_SMD:C_0603_1608Metric","KEMET","C0603C103K5RACTU","","4"
"D1,D2","B160","Diode_SMD:D_SMA","Diodes Inc","B160-13-F","","2"
"D3","BAT54HT1G","Diode_SMD:D_SOD-323","onsemi","BAT54HT1G","","1"
"F1","0.5A 60V","Fuse:Fuse_1812_4532Metric","Littelfuse","1812L050/60MR","","1"
"J1","24V IN","TerminalBlock_Phoenix:TerminalBlock_Phoenix_PT-1,5-2-3.5-H_1x02_P3.50mm_Horizontal","Phoenix Contact","1984617","","1"
"J2","LED STRIP","TerminalBlock_Phoenix:TerminalBlock_Phoenix_PT-1,5-2-3.5-H_1x02_P3.50mm_Horizontal","Phoenix Contact","1984617","","1"
"J3","HACKERBOARD","Connector_PinHeader_2.54mm:PinHeader_1x05_P2.54mm_Vertical","Wurth Elektronik","61300511121","","1"
"J4","FTDI-UPDI","Connector_PinHeader_2.54mm:PinHeader_1x06_P2.54mm_Vertical","Wurth Elektronik","61300611121","","1"
"Q1","RTR030N05HZG","Package_TO_SOT_SMD:SOT-23","ROHM","RTR030N05HZGTL","","1"
"R1","100","Resistor_SMD:R_0603_1608Metric","YAGEO","RC0603FR-07100RL","","1"
"R2","100k","Resistor_SMD:R_0603_1608Metric","YAGEO","RC0603FR-07100KL","","1"
"R3-R6","10k","Resistor_SMD:R_0603_1608Metric","YAGEO","RC0603FR-0710KL","","4"
"R7-R10","1k","Resistor_SMD:R_0603_1608Metric","YAGEO","RC0603FR-071KL","","4"
"R11","470","Resistor_SMD:R_0603_1608Metric","YAGEO","RC0603FR-07470RL","","1"
"U1","MCP1792T-3302H/CB","Package_TO_SOT_SMD:SOT-23","Microchip","MCP1792T-3302H/CB","","1"
"U2","ATtiny412-SSN","Package_SO:SOIC-8_3.9x4.9mm_P1.27mm","Microchip","ATTINY412-SSN","","1"
