Mouser Part Number,Quantity,Manufacturer Part Number,Description,Customer Part Number
,1,GRM188R61H225KE11D,2.2u 50V X5R,C1
,2,GRM31CR71H475MA12L,4.7u 50V X7R,"C2,C9"
,1,CL10A106MP8NQWC,10u 10V X5R,C3
,1,C0603C104K5RACTU,100n 50V X7R,C4
,4,C0603C103K5RACTU,10n 50V X7R,"C5,C6,C7,C8"
,2,B160-13-F,B160,"D1,D2"
,1,BAT54HT1G,BAT54HT1G,D3
,1,1812L050/60MR,0.5A 60V,F1
,2,1984617,"24V IN,LED STRIP","J1,J2"
,1,61300511121,HACKERBOARD,J3
,1,61300611121,FTDI-UPDI,J4
,1,RTR030N05HZGTL,RTR030N05HZG,Q1
,1,RC0603FR-07100RL,100,R1
,1,RC0603FR-07100KL,100k,R2
,4,RC0603FR-0710KL,10k,"R3,R4,R5,R6"
,4,RC0603FR-071KL,1k,"R7,R8,R9,R10"
,1,RC0603FR-07470RL,470,R11
,1,MCP1792T-3302H/CB,MCP1792T-3302H/CB,U1
,1,ATTINY412-SSN,ATtiny412-SSN,U2
